cross_entropy,accuracy,f1_macro
3.8561054958227263,0.050733466142017486,0.009317756283787861
0.33149838368212253,0.8839954559673356,0.8564385050286248
0.32951345051431463,0.8858311793081874,0.8585557254435356
0.2998578505910623,0.8911737104660926,0.8610582686443234
